<?xml version="1.0" encoding="utf-8"?>

<!--
Copyright 2012 The Chromium Authors
Use of this source code is governed by a BSD-style license that can be
found in the LICENSE file.
-->

<resources>
    <string name="url_hint">Type URL Here</string>
    <string name="browser_process_initialization_failed">Initialization failed.</string>
    <!-- Error message when there's a problem connecting to the network. -->
    <string name="starboard_platform_connection_error">Can\'t connect right now</string>
    <!-- Button label on network connection error to retry the request. -->
    <string name="starboard_platform_retry">Try again</string>
    <!-- Button label on network connection error to open system network settings. -->
    <string name="starboard_platform_network_settings">Open network settings</string>
    <!-- Toast message when we can't get the device account to sign in. -->
    <string name="starboard_account_picker_error">Account not available.</string>
    <!-- Toast message when we the account can't be authorized. -->
    <string name="starboard_account_auth_error">Account authorization failed.</string>
    <!-- Toast message indicating that the selected account is no longer available to sign-in. -->
    <string name="starboard_missing_account">Account not available:\n%1$s</string>
    <!-- Toast message shown when the user has denied permission to get device accounts. -->
    <string name="starboard_accounts_permission">Sign in requires Contacts permission to be granted in system settings.</string>
</resources>
